title;book;page
Alien;1;1
The Alien Legacy;1;1
Aliens;1;1
Alien 3;1;1
Alien Resurrection;1;2
Predator;1;2
Alien VS Predator;1;2
Aliens VS Predator Requiem;1;2
Jurassic Park;1;3
Jurassic Park The Lost World;1;3
Jurassic Park 3;1;3
Godzilla;1;3
Starship Troopers;1;4
Starship Troopers 3;1;4
Le Seigneur Des Anneaux : La Communauté De L’Anneau;1;4
Le Seigneur Des Anneaux : La Communauté De L’Anneau DVD Bonus;1;4
Le Seigneur Des Anneaux : Les Deux Tours;1;5
Le Seigneur Des Anneaux : Les Deux Tours DVD Bonus;1;5
Le Seigneur Des Anneaux : Le Retour Du Roi;1;5
Le Seigneur Des Anneaux : Le Retour Du Roi DVD Bonus;1;5
Armageddon;1;6
Pitch Black;1;6
Les Chroniques De Riddick;1;6
Les Chroniques De Riddick : Dark Fury;1;6
Battlefield Earth;1;7
Planète Rouge;1;7
Mad Max;1;7
Mad Max 2 : The Road Warrior;1;7
Mad Max : Beyond Thunderdome;1;8
X-Men;1;8
X-Men 2;1;8
X-Men DVD Bonus;1;8
X-Men 2 DVD Bonus;1;9
X-Men : L’Affrontement;1;9
X-Men : Le Commencement;1;9
X-Men Origins : Wolverine;1;9
Wild Wild West;1;0
Spider-Man;1;0
Mystery Men;1;0
Watchmen;1;0
Elektra;1;1
Daredevil;1;1
Iron Man;1;1
Iron Man 2;1;1
Men In Black;1;2
Men In Black 2;1;2
Men In Black 3;1;2
Captain America;1;2
La Momie;1;3
Le Retour De La Momie;1;3
La Momie : La Tombe De L’Empereur Dragon;1;3
Le Roi Scorpion;1;3
Gladiator;1;4
La Ligne Verte;1;4
Jonah Hex;1;4
Solomon Kane;1;4
Seven;1;5
Lettres À Un Tueur;1;5
Star Trek;1;5
Land Of The Dead;1;5
Destination Finale 4;1;6
Scary Movie;1;6
Scream;1;6
Equilibrium;1;6
Hellboy;1;7
Hellboy : Les Légions D'Or Maudites;1;7
Fantômes Contre Fantômes;1;7
L’Avocat Des Damnés;1;7
Le Projet Blair Witch;1;8
Le Nombre 23;1;8
Gabriel;1;8
The Darkest Hour;1;8
Die Hard : Piège De Cristal;1;9
Die Hard 2 : 58 Minutes Pour Vivre;1;9
Die Hard 3 : Une Journée En Enfer;1;9
Die Hard 4 : Retour En Enfer;1;9
L’Arme Fatale;1;0
L’Arme Fatale 2;1;0
L’Arme Fatale 3;1;0
Alarme Fatale;1;0
Numéro 9;1;1
Stargate : L’Arche De Vérité;1;1
Inception;1;1
The Postman;1;1
Matrix;1;2
Matrix Reloaded;1;2
Matrix Reloaded DVD Bonus;1;2
Matrix Revolution;1;2
Matrix Revolution DVD Bonus;1;3
Blade Runner;1;3
Minority Report;1;3
Minority Report DVD Bonus;1;3
Nikita;1;4
Léon;1;4
Ordinary Decent Criminal;1;4
Contact;1;4
Catch Me If You Can;1;5
Catch Me If You Can DVD Bonus;1;5
Le Fabuleux Destin D’Amélie Poulain;1;5
Le Fabuleux Destin D’Amélie Poulain DVD Bonus;1;5
What Dreams May Come;1;6
Les Aventures Extraordinaires D’Adèle Blanc-Sec;1;6
Eternal Sunshine;1;6
Eternal Sunshine DVD Bonus;1;6
Dirty Dancing;1;7
Un Jour Sans Fin;1;7
Ace Ventura When Nature Calls;1;7
Braqueurs Amateurs;1;7
Liar Liar;1;8
Bruce Tout Puissant;1;8
Evan Tout Puissant;1;8
Fous D’Irène;1;8
28 Days;1;9
Le Journal De Bridget Jones;1;9
Mary À Tout Prix;1;9
Mary À Tout Prix DVD Bonus;1;9
Dogma;1;0
Forever Young;1;0
The Last Day;1;0
Cloverfield;1;0
Cast Away;1;1
Cast Away DVD Bonus;1;1
Paycheck;1;1
Dune;1;1
Inglorious Bastards;1;2
L’Effet Papillon;1;2
L’Effet Papillon 2;1;2
L’Effet Papillon 3;1;2
Night Watch;1;3
Day Watch;1;3
The Fly;1;3
The Fly 2;1;3
Crazy Kung-Fu;1;4
Dany Boon : Trop Stylé;1;4
Ocean’s Twelve;1;4
Un Gars, Une Fille : Best Of;1;4
Bigard : 100% tout neuf;1;5
Bigard Met Le Paquet;1;5
Caméra Café;1;5
Coluche DVD1;1;5
Coluche DVD2;1;6
Coluche 1 Faux DVD1;1;6
Coluche 1 Faux DVD2;1;6
Ze Inconnus Story Vol1;1;6
Ze Inconnus Story Vol2;1;7
Ze Inconnus Story Vol3;1;7
Ze Inconnus Story la suite Vol4;1;7
De Caunes et Garcia 2 DVD1;1;7
De Caunes et Garcia 2 DVD2;1;8
Harry Potter : À L’École Des Sorciers;1;8
Harry Potter : À L’École Des Sorciers DVD Bonus;1;8
Harry Potter Et La Chambre Des Secrets;1;8
Harry Potter Et Le Prisonnier D’Azkaban;1;9
Harry Potter Et La Coupe De Feu;1;9
Harry Potter Et La Coupe De Feu DVD Bonus;1;9
Harry Potter Et L’Ordre Du Phœnix;1;9
Harry Potter Et Le Prince De Sang Mêlé;1;0
Harry Potter Et Le Prince De Sang Mêlé DVD Bonus;1;0
Harry Potter Et Les Reliques De La Mort 1;1;0
Harry Potter Et Les Reliques De La Mort 1 DVD Bonus;1;0
Harry Potter Et Les Reliques De La Mort 2;1;1
Harry Potter Et Les Reliques De La Mort 2 DVD Bonus;1;1
Indiana Jones : À La Recherche De L’Arche Perdue;1;1
Indiana Jones Et Le Temple Maudit;1;1
Indiana Jones Et La Dernière Croisade;1;2
Indiana Jones DVD Bonus;1;2
Indiana Jones Et Le Crâne De Cristal;1;2
Indiana Jones Et Le Crâne De Cristal DVD Bonus;1;2
Sanctuary saison 1 DVD1;1;3
Sanctuary saison 1 DVD2;1;3
Sanctuary saison 1 DVD3;1;3
Sanctuary saison 1 DVD4;1;3
Resident Evil;1;4
Resident Evil Apocalypse;1;4
Resident Evil Extinction;1;4
Resident Evil After Life;1;4
Dragon Heart;1;5
Phenomenes;1;5
Donjons & Dragons : La Puissance Suprême;1;5
Benjamin Button;1;5
Humanity’s End;1;6
Evolution;1;6
Capitaine Flam DVD1;1;6
Capitaine Flam DVD2;1;6
Capitaine Flam DVD3;1;7
Capitaine Flam DVD4;1;7
Capitaine Flam DVD5;1;7
Capitaine Flam DVD6;1;7
Capitaine Flam DVD7;1;8
John Carter;1;8
Grand Torino;1;8
Twilight;1;8
Twilight 2 Tentation;1;9
Twilight 3 Hésitation;1;9
Twilight 4 Révélation;1;9
Twilight 5 Révélation;1;9
Le Caméléon saison 1 DVD1;1;0
Le Caméléon saison 1 DVD2;1;0
Le Caméléon saison 1 DVD3;1;0
Le Caméléon saison 1 DVD4;1;0
Le Caméléon saison 1 DVD5;1;1
Le Caméléon saison 1 DVD6;1;1
Le Caméléon saison 2 DVD1;1;1
Le Caméléon saison 2 DVD2;1;1
Le Caméléon saison 2 DVD3;1;2
Le Caméléon saison 2 DVD4;1;2
Le Caméléon saison 2 DVD5;1;2
Le Caméléon saison 2 DVD6;1;2
Le Caméléon saison 3 DVD1;1;3
Le Caméléon saison 3 DVD2;1;3
Le Caméléon saison 3 DVD3;1;3
Le Caméléon saison 3 DVD4;1;3
Le Caméléon saison 3 DVD5;1;4
Le Caméléon saison 3 DVD6;1;4
La Planète Des Singes;1;4
La Planète Des Singes : Le Secret;1;4
La Planète Des Singes : La Conquête;1;5
La Planète Des Singes : Les Evadés;1;5
La Planète Des Singes (Tim Burton);1;5
La Planète Des Singes : La Bataille;1;5
La Planète Des Singes : Les Origines;1;6
Source Code;1;6
Final Fantasy VII DVD1;1;6
Final Fantasy VII DVD2;1;6
Ronin;2;1
Mon Nom Est Personne;2;1
Philadelphia;2;1
Nell;2;1
Superman;2;2
Superman 2;2;2
Ce Que Veulent Les Femmes;2;2
Pretty Woman;2;2
Shaolin Soccer;2;3
CJ7;2;3
Cœur de Dragon;2;3
L'Apprenti Sorcier;2;3
Erin Brockovich;2;4
Spy Game;2;4
Maverick;2;4
Intuition;2;4
Benjamin Gates;2;5
L'Amour Extra Large;2;5
XXX;2;5
Le Tour Du Monde En 80 Jours;2;5
Tomb Raider;2;6
Tomb Raider 2;2;6
Lancelot;2;6
Electric Dreams;2;6
Phénomène;2;7
I, Robot;2;7
Ocean's Eleven;2;7
Beautés Empoisonnées;2;7
Le Transporteur;2;8
Le Transporteur 2;2;8
Pulp Fiction;2;8
Poséïdon;2;8
La Mémoire Dans La Peau;2;9
The Truman Show;2;9
K-PAX;2;9
Programmé Pour Tuer;2;9
Les Autres;2;0
D-WAR;2;0
Batman Begins;2;0
Batman : The Dark Knight;2;0
NEXT;2;1
Apparences;2;1
Gothika;2;1
Braquage À L'Italienne;2;1
Les Frères Grimm;2;2
Hulk;2;2
Rencontre Du 3e Type;2;2
Outlander;2;2
Stargate;2;3
Push;2;3
2012;2;3
Clones;2;3
Salt;2;4
Sleepy Hollow;2;4
Kill Bill;2;4
Kill Bill 2;2;4
Incassable;2;5
Hypnose;2;5
Powder;2;5
L'Homme Sans Ombre;2;5
Instinct;2;6
Van Helsing;2;6
Predator;2;6
Predator 2;2;6
Alerte;2;7
La mutante;2;7
Destination Finale 2;2;7
Madhouse;2;7
The Faculty;2;8
Entretien Avec Un Vampire;2;8
Jumper;2;8
Urban Legend;2;8
Le Choc Des Titans;2;9
Space Cowboys;2;9
Transformers 2;2;9
Ghosts Of Mars;2;9
Supernatural saison 1 DVD1;2;0
Supernatural saison 1 DVD2;2;0
Supernatural saison 1 DVD3;2;0
Supernatural saison 1 DVD4;2;0
Supernatural saison 1 DVD5;2;1
Supernatural saison 1 DVD6;2;1
Supernatural saison 2 DVD1;2;1
Supernatural saison 2 DVD2;2;1
Supernatural saison 2 DVD3;2;2
Supernatural saison 2 DVD4;2;2
Supernatural saison 2 DVD5;2;2
Supernatural saison 2 DVD6;2;2
Supernatural saison 3 DVD1;2;3
Supernatural saison 3 DVD2;2;3
Supernatural saison 3 DVD3;2;3
Supernatural saison 3 DVD4;2;3
Supernatural saison 3 DVD5;2;4
Supernatural saison 4 DVD1;2;4
Supernatural saison 4 DVD2;2;4
Supernatural saison 4 DVD3;2;4
Supernatural saison 4 DVD4;2;5
Supernatural saison 4 DVD5;2;5
Supernatural saison 4 DVD6;2;5
Caprica DVD1;2;5
Caprica DVD2;2;6
Caprica DVD3;2;6
Caprica DVD4;2;6
Caprica DVD5;2;6
Battlestar Galactica saison 1 DVD1;2;7
Battlestar Galactica saison 1 DVD2;2;7
Battlestar Galactica saison 1 DVD3;2;7
Battlestar Galactica saison 1 DVD4;2;7
Battlestar Galactica saison 2 DVD1;2;8
Battlestar Galactica saison 2 DVD2;2;8
Battlestar Galactica saison 2 DVD3;2;8
Battlestar Galactica saison 2 DVD4;2;8
Battlestar Galactica saison 2 DVD5;2;9
Battlestar Galactica : Razor;2;9
Battlestar Galactica saison 3 DVD1;2;9
Battlestar Galactica saison 3 DVD2;2;9
Battlestar Galactica saison 3 DVD3;2;0
Battlestar Galactica saison 3 DVD4;2;0
Battlestar Galactica saison 3 DVD5;2;0
Battlestar Galactica : The Plan;2;0
Battlestar Galactica saison 4 DVD1;2;1
Battlestar Galactica saison 4 DVD2;2;1
Battlestar Galactica saison 4 DVD3;2;1
Battlestar Galactica saison 4 DVD4;2;1
Battlestar Galactica saison 4 DVD5;2;2
Battlestar Galactica saison 4 DVD6;2;2
Terminator;2;2
Terminator 2 : Le Jugement Dernier;2;2
Terminator 3 : Le Soulèvement Des Machines;2;3
Terminator 3 : Le Soulèvement Des Machines DVD Bonus;2;3
Terminator : Renaissance;2;3
King Kong;2;3
King Kong DVD Bonus;2;4
Avatar;2;4
Avatar DVD Bonus;2;4
Cœurs Perdus En Atlantide;2;4
Daybreakers;2;5
Dreamcatcher;2;5
Blown Away;2;5
Destination Finale;2;5
Constantine;2;6
The Haunting;2;6
From Hell;2;6
13 Fantômes;2;6
L'Armée Des 12 Singes;2;7
Ghost Rider;2;7
Vol Au-Dessus D'Un Nid De Coucou;2;7
Prince Of Persia : Les Sables Du Temps;2;7
Avengers DVD;2;8
Avengers BluRay;2;8
Avengers BluRay Bonus;2;8
Transformers;2;8
Rien À Déclarer;2;9
Sherlock Holmes;2;9
Sherlock Holmes : Jeu D'Ombres;2;9
Undead;2;9
Fréquence Interdite;2;0
Warlock;2;0
Warlock II : The Armageddon;2;0
Underworld;2;0
Underworld 2 : Evolution;2;1
Underworld 3 : Le Soulèvement Des Lycans;2;1
Fight Club;2;1
Lucky Luke;2;1
Ghostbusters;2;2
Ghostbusters II;2;2
Les 4 Fantastiques;2;2
Les 4 Fantastiques Et Le Surfeur D'Argent;2;2
La Ligue Des Gentlemen Extraordinaires;2;3
Point Break;2;3
Rock;2;3
Négociateur;2;3
Robin Des Bois : Prince Des Voleurs;2;4
Bodyguard;2;4
Ghost;2;4
M.Popper Et Ses Pingouins;2;4
Volcano;2;5
Twister;2;5
Le Jour D'Après;2;5
Peur Bleue;2;5
L'Agence Tous Risques;2;6
Mon Voisin Le Tueur;2;6
Le Règne Du Feu;2;6
Perdus Dans L'Espace;2;6
Hulk;2;7
Hulk DVD Bonus;2;7
Je Suis Une Légende;2;7
Night And Day;2;7
A.I.;2;8
A.I. DVD Bonus;2;8
Thor;2;8
Hancock;2;8
Happy Feet II;2;9
Maman J'Ai Raté L'Avion;2;9
Les Rebelles De La Forêt II;2;9
Garfield;2;9
Garfield II;2;9
Recettes;2;0
La Ferme En Folie;2;0
Donjon Mystère III;2;0
Mickey Et Le Haricot Magique;2;0
Les 3 Mousquetaires;2;0
Le Prince Et Le Pauvre;2;0
Zathura;2;0
Waterworld;2;0
Blanche-Neige Et Les Sept Nains;3;1
Blanche-Neige Et Les Sept Nains DVD Bonus;3;1
Dumbo;3;1
Bambi;3;1
Fantasia;3;2
Fantasia 2000;3;2
Cendrillon;3;2
Alice Au Pays Des Merveilles;3;2
La Belle Et Le Clochard;3;3
La Belle Et Le Clochard 2 + Le Petit Dinosaure 8;3;3
La Belle Au Bois Dormant;3;3
La Belle Au Bois Dormant DVD Bonus;3;3
Les 101 Dalmatiens;3;4
Le Livre De La Jungle;3;4
Robin Des Bois;3;4
Les Aventures De Bernard Et Bianca;3;4
Bernard Et Bianca Au Pays Des Kangourou;3;5
Peter Et Elliott Le Dragon;3;5
Rox Et Rouky;3;5
Rox Et Rouky 2 + Bee Movie;3;5
Taram Et Le Chaudron Magique;3;6
Basil Détective Privé;3;6
La Petite Sirène;3;6
La Belle Et La Bête;3;6
Aladdin;3;7
Aladdin DVD Bonus;3;7
Aladdin 2;3;7
Aladdin 3;3;7
Le Roi Lion;3;7
Le Roi Lion DVD Bonus;3;8
Le Roi Lion 2 : L'Honneur De La Tribu;3;8
Le Roi Lion 3 : Hakuna Matata;3;8
Le Roi Lion 3 : Hakuna Matata DVD Bonus;3;8
Pocahontas;3;9
Le Bossu De Notre-Dame;3;9
Hercule;3;9
Mulan;3;9
T'Choupi;3;0
Mulan 2;3;0
1001 Pattes;3;0
Dinosaure;3;0
Kuzco;3;0
La Ferme Se Rebelle;3;1
Kuzco 2;3;1
Atlantide : L'Empire Perdu;3;1
Monstres & Cie;3;1
Lilo & Stitch;3;1
Lilo & Stitch 2 : Hawaï, Nous Avons Un Problème !;3;2
Stitch ! Le Film;3;2
Leroy & Stitch;3;2
Peter Pan;3;2
Peter Pan 2 : Retour Au Pays Imaginaire;3;3
La Planète Au Trésor;3;3
Le Monde De Nemo;3;3
Le Monde De Nemo DVD Bonus;3;3
Tarzan;3;4
Tarzan 2;3;4
Cars;3;4
Mickey : Il Était 2 Fois Noël;3;4
Frère Des Ours;3;4
Frère Des Ours 2;3;5
Ratatouille;3;5
Bienvenue Chez Les Robinsons;3;5
Wall-E;3;5
Wall-E DVD Bonus;3;6
Volt;3;6
Là-Haut;3;6
La Princesse Et La Grenouille;3;6
Toy Story;3;7
Toy Story 2;3;7
Toy Story 3;3;7
Les Indestructibles;3;7
Les Indestructibles DVD Bonus;3;8
Raiponce;3;8
Les Mondes De Ralph;3;8
Les Mondes De Ralph DVD Bonus;3;8
Croc-Blanc;3;9
L'Étrange Noël De Monsieur Jack;3;9
L'Étrange Noël De Monsieur Jack DVD Bonus;3;9
Flubber;3;9
Super Noël;3;0
Le Monde De Narnia : Le Lion, La Sorcière Blanche Et L'Armoire Monde;3;0
Le Monde De Narnia : Le Prince Caspian;3;0
Le Monde De Narnia : L'Odyssée Du Passeur D'Aurore;3;0
Princesse Mononoké;3;1
Nausicaa De La Vallée Du Vent;3;1
Mon Voisin Totoro;3;1
Arrietty : Le Petit Monde Des Chapardeurs;3;1
L'Aventure Intérieure;3;2
Charlie Et La Chocolaterie;3;2
Excalibur, L'Épée Magique;3;2
Le Géant De Fer;3;2
Gremlins;3;3
Gremlins 2 : La Nouvelle Génération;3;3
L'Histoire Sans Fin;3;3
L'Incroyable Histoire De Winter Le Dauphin;3;3
Le Royaume De Ga'Hoole;3;4
Sauvez Willy;3;4
Sauvez Willy 2;3;4
Sauvez Willy 3 : La Poursuite;3;4
Sauvez Willy 3 : La Poursuite DVD Bonus;3;5
Space Jam;3;5
Voyage Au Centre De La Terre;3;5
Voyage Au Centre De La Terre 2;3;5
Mission-G;3;6
L'Age De Glace;3;6
L'Age De Glace 2;3;6
L'Age De Glace 2 DVD Bonus;3;6
L'Age De Glace 3 : Le Temps Des Dinosaures;3;7
L'Age De Glace 4 : La Dérive Des Continents DVD;3;7
L'Age De Glace 4 : La Dérive Des Continents BluRay;3;7
L'Age De Glace 4 : La Dérive Des Continents BluRay 3D;3;7
Anastasia;3;8
Bartok Le Magnifique;3;8
Horton;3;8
Marmaduke;3;8
La Nuit Au Musée;3;9
La Nuit Au Musée 2;3;9
Percy Jackson : Le Voleur De Foudre;3;9
Rio;3;9
Robots;3;0
Titan A.E.;3;0
Les Voyages De Gulliver;3;0
L'Odyssée De Pi;3;0
Beethoven;3;1
Jumanji;3;1
Igor;3;1
Planète 51;3;1
Le Grinch;3;2
Astro Boy;3;2
Le Monde Fabuleux De Gaya;3;2
Donjon Mystère;3;2
Pokémon 1;3;3
Pokémon 2;3;3
Pokémon 3;3;3
Pokémon : Lucario Et Le Mystère De Mew;3;3
Pokémon Ranger Et Le Temple Des Mers;3;3
Pokémon : L'Ascension De Darkrai;3;4
Pokémon : Giratina Et Le Gardien Du Ciel;3;4
Pokémon : Arceus Et Le Joyau De Vie;3;4
Pokémon : Zoroark, Le Maître Des Illusions;3;4
Balto;3;5
Cendrillon 2;3;5
Balto 2;3;5
Balto : Les Ailes Du Changement;3;5
Casper;3;5
La Légende De Despereaux;3;6
Dinotopia : À La Recherche De La Pierre Sainte;3;6
E.T. L'Extraterrestre;3;6
Moi, Moche Et Méchant;3;6
Blanche Neige;3;7
Le Petit Vampire;3;7
Pinochhio;3;7
Rent A Kid;3;7
Astérix Et Obélix Contre César;3;7
Astérix Et Obélix : Mission Cléopâtre;3;8
Astérix Aux Jeux Olympiques;3;8
Astérix Et Obélix : Au Service De Sa Majesté;3;8
Sur La Piste Du Marsupilami;3;8
The Mask;3;9
Les Pirates ! : Bons À Rien, Mauvais En Tout;3;9
Tempête De Boulettes Géantes;3;9
Les Aventures De Tinitin : Le Secret De La Licorne;3;9
Chasseurs De Dragons;3;0
L'Ours Montagne;3;0
Gnomeo Et Juliette;3;0
Qui Veut La Peau De Roger Rabbit;3;0
Corto Maltese : La Cour Secrète Des Arcanes;3;1
Corto Maltese : La Cour Secrète Des Arcanes DVD Bonus;3;1
Nanny Mc Phee;3;1
Nanny Mc Phee Et Le Big Bang;3;1
Le Voyage Extraordinaire De Samy;3;2
Arthur Et Les Minimoys;3;2
Arthur Et La Vengeance De Malthazar;3;2
Arthur 3 : La Guerre Des Deux Mondes;3;2
Un Monstre À Paris;3;3
Le Dernier Maître De L'Air;3;3
Le Petit Monde De Charlotte;3;3
Rango;3;3
Monstres VS Aliens;3;4
Les Cinq Légendes DVD;3;4
Les Cinq Légendes BluRay 3D;3;4
Les Cinq Légendes BluRay;3;4
Dragons;3;5
La Route De L'El Dorado;3;5
Madagascar;3;5
Madagascar 2;3;5
Madagascar 3 : Bons Baisers D'Europe;3;6
Megamind;3;6
Kung Fu Panda;3;6
Kung Fu Panda DVD Bonus;3;6
Kung Fu Panda 2;3;7
Les Secrets Des Cinq Cyclones;3;7
Les Orphelins De Baudelaire;3;7
Shrek;3;7
Shrek 2;3;8
Shrek 3;3;8
Shrek : Il Était Une Fin;3;8
Sinbad : La Légende Des Sept Mers;3;8
Les Chroniques De Spiderwick;3;9
Spirit : L'Étalon Des Plaines;3;9
Retour Vers Le Futur;3;9
Retour Vers Le Futur 2;3;9
Retour Vers Le Futur 3;3;0
Retour Vers Le Futur 3 DVD Bonus;3;0
Astérix Et Cléopatre;3;0
Picsou Et La Lampe Perdue;3;0
Astérix : Le Coup Du Menhir;3;0
Astérix Chez Les Bretons;3;0
Les Douzes Travaux D'Astérix;3;1
Astérix Le Gaulois;3;1
Astérix : La Surprise De César;3;1
Astérix Et Les Indiens;3;1
Nos Voisins Les Hommes;3;1
Mary Poppins;3;1
Le Petit Dinosaure I;3;2
Gloups : Je Suis Un Poisson;3;2
Le Petit Dinosaure IV : Voyage Au Pays Des Brumes;3;2
Les Rebelles De La Forêt;3;2
Chicken Little;3;2
Youbi Le Petit Pingouin;3;2
Le Roman De Renart;3;2
Le Noël Des 9 Chiens;3;2
Vaillant;3;3
Souris City;3;3
Chicken Run;3;3
Fievel Et Le Trésor Perdu;3;3
La Famille Delajungle;3;3
Niko Le Petit Renne;3;3
Merlin L'Enchanteur;3;3
Le Vilain Petit Canard Et Moi;3;4
Les Chimpanzés De L'Espace;3;4
Azur Et Asmar;3;4
La Forêt Contre Attaque;3;4
Allo Maman Ici Bébé;3;5
Allo Maman C'Est Encore Moi;3;5
Sky High;3;5
Stuart Little 2;3;5
L'Enfant Qui Voulait Être Un Ours;3;5
Pirates Des Caraïbes : La Malédiction Du Black Pearl;3;6
Pirates Des Caraïbes : Le Secret Du Coffret Maudit;3;6
Pirates Des Caraïbes : Jusqu'Au Bout Du Monde;3;6
Pirates Des Caraïbes : La Fontaine De Jouvence;3;6
Ace Ventura : Détective Animalier;4;1
Alexandre Et Sa Journée Épouvantablement Terrible Et Affreuse;4;1
Alien Covenant DVD;4;1
Alien Covenant BluRay;4;1
Les Animaux Fantastiques Et Où Les Trouver DVD;4;2
Les Animaux Fantastiques Et Où Les Trouver BluRay;4;2
Les Animaux Fantastiques : Les Crimes De Grindelwald DVD;4;2
Les Animaux Fantastiques : Les Crimes De Grindelwald BluRay;4;2
Ant-Man;4;3
Ant-Man Et La Guêpe;4;3
L'Apprenti Sorcier BluRay;4;3
L'Apprenti Sorcier DVD;4;3
After Earth;4;4
Aquaman DVD;4;4
Aquaman BluRay;4;4
L'Ascencion Du Chevalier Noir;4;4
Apollo 13;4;5
Avengers : L'Ère D'Ultron;4;5
Avengers : La Guerre D'Infini;4;5
Avengers : Phase Finale;4;5
Avengers : Phase Finale BluRay Bonus;4;6
Beetlejuice;4;6
Blanche-Neige Et Le Chasseur;4;6
Le Chasseur : La Guerre Hivernale DVD;4;6
Le Chasseur : La Guerre Hivernale DVD Bonus;4;7
Le Chasseur : La Guerre Hivernale BluRay;4;7
Blade Runner 2049 DVD;4;7
Blade Runner 2049 BluRay;4;7
Capitaine America : Le Soldat De L'Hiver;4;8
Capitaine America : Civil War;4;8
Ça (ancienne version);4;8
Ça (nouvelle version) DVD;4;8
Ça (nouvelle version) BluRay;4;9
La Conjuration;4;9
La Course Aux Jouets;4;9
Cowboys & Aliens;4;9
Les Croods;4;0
Chair De Poule;4;0
Destination Finale Trilogie;4;0
Docteur Strange DVD;4;0
Docteur Strange BluRay;4;1
Dragons 2 DVD;4;1
Dragons 2 BluRay;4;1
Dragons 2 DVD Bonus;4;1
Dragons : Le Monde Caché DVD;4;2
Dragons : Le Monde Caché BluRay;4;2
Epic;4;2
L'Épreuve : Le Labyrinthe;4;2
L'Épreuve : Terre Brûlée;4;3
L'Épreuve : Le Remède Mortel;4;3
Espions En Herbe;4;3
Espions En Herbe 2 : L'Île Des Rêves Envolés;4;3
Espions En Herbe : Tout Le Temps Du Monde;4;4
L'Exode : Dieux Et Rois;4;4
Frankenweenie DVD;4;4
Frankenweenie BluRay;4;4
Gardiens De La Galaxie;4;5
Gardiens De La Galaxie Volume 2 DVD;4;5
Gardiens De La Galaxie Volume 2 BluRay;4;5
La Grande Muraille DVD;4;5
La Grande Muraille BluRay;4;6
Hansel & Gretel : Chasseurs De Sorcières;4;6
Le Hobbit : Un Voyage Inattendu;4;6
Le Hobbit : La Désolation De Smaug;4;6
Le Hobbit : La Bataille Des Cinq Armées;4;7
Le Hobbit (Les Appendices) Partie 7;4;7
Le Hobbit (Les Appendices) Partie 8;4;7
Le Hobbit (Les Appendices) Partie 9;4;7
Le Hobbit (Les Appendices) Partie 10;4;8
Le Hobbit (Les Appendices) Partie 11;4;8
Le Hobbit (Les Appendices) Partie 12;4;8
L'Homme Bicentenaire;4;8
Hop DVD;4;9
Hop BluRay;4;9
Hôtel Transylvanie;4;9
Hunger Games;4;9
Hunger Games : L'Embrasement;4;0
Hunger Games : La Révolte Partie 1 DVD;4;0
Hunger Games : La Révolte Partie 1 Blu Ray;4;0
Hunger Games : La Révolte Partie 2 DVD;4;0
Hunger Games : La Révolte Partie 2 BluRay;4;1
Les Indestructibles 2 DVD;4;1
Les Indestructibles 2 BluRay;4;1
Les Indestructibles 2 BluRay Bonus;4;1
L'Indien Dans Le Placard;4;2
Iron Man 3 DVD;4;2
Iron Man 3 BluRay;4;2
Interstellaire;4;2
Jumanji : Bienvenue Dans La Jungle;4;3
Jurassic World DVD;4;3
Jurassic World BluRay;4;3
Jurassic World : Le Royaume Déchu DVD;4;3
Jurassic World : Le Royaume Déchu BluRay;4;4
La Légende De Manolo DVD;4;4
La Légende De Manolo BluRay;4;4
Limitless;4;4
Logan DVD;4;5
Logan BluRay;4;5
Logan BluRay Noir Et Blanc;4;5
Le Lorax DVD;4;5
Le Lorax BluRay;4;6
Le Lorax BluRay 3D;4;6
Louis Cyr : L'Homme Le Plus Fort Du Monde;4;6
Lucy;4;6
Le Maître De La Scène DVD;4;7
Le Maître De La Scène BluRay;4;7
Maléfique DVD;4;7
Maléfique BluRay;4;7
Million Dollar Baby;4;8
Million Dollar Baby DVD Bonus;4;8
Mission Noël;4;8
Moi Moche Et Méchant 3;4;8
M. Peabody Et Sherman DVD;4;9
M. Peabody Et Sherman BluRay;4;9
Mme Doubtfire Disque 1;4;9
Mme Doubtfire Disque 2;4;9
Les Nouveaux Héros DVD;4;0
Les Nouveaux Héros BluRay;4;0
Une Nuit Au Musée : Le Secret Du Tombeau DVD;4;0
Une Nuit Au Musée : Le Secret Du Tombeau BluRay;4;0
Oblivion;4;1
Pacific Rim DVD;4;1
Pacific Rim BluRay;4;1
Pacific Rim BluRay Bonus;4;1
The Pacific;4;2
La Panthère Noire;4;2
Paranorman;4;2
Le Passeur;4;2
Percy Jackson : La Mer Des Monstres DVD (Digital Copy);4;3
Percy Jackson : La Mer Des Monstres BluRay;4;3
Pirates Des Caraïbes : Les Morts Ne Racontent Pas D'Histoires DVD;4;3
Pirates Des Caraïbes : Les Morts Ne Racontent Pas D'Histoires BluRay;4;3
Pixels;4;4
L'Aube De La Planète Des Singes;4;4
Les Profs;4;4
Prometheus DVD (Digital Copy);4;4
Prometheus BluRay;4;5
Un Coin Tranquille DVD;4;5
Un Coin Tranquille BluRay;4;5
Rebelle DVD;4;5
Rebelle BluRay;4;6
Rebelle BluRay Bonus;4;6
La Reine Des Neiges DVD;4;6
La Reine Des Neiges BluRay;4;6
Resident Evil : Le Châtiment;4;7
Riddick;4;7
RTL : La Collection;4;7
Scott Pilgrim VS Le Monde DVD;4;7
Scott Pilgrim VS Le Monde BluRay;4;8
Sens Dessus Dessous DVD;4;8
Sens Dessus Dessous BluRay;4;8
Sens Dessus Dessous BluRay 3D;4;8
Sens Dessus Dessous BluRay Bonus;4;9
Les Schtroumpfs;4;9
Les Schtroumpfs 2;4;9
Snowpiercer;4;9
Spider-Man Homecoming DVD;4;0
Spider-Man Homecoming BluRay;4;0
Split;4;0
LEGO Star Wars : La Menace Des Padawan DVD;4;0
LEGO Star Wars : La Menace Des Padawan BluRay;4;1
L'Escadron Suicide DVD;4;1
L'Escadron Suicide BluRay (Extended Cut);4;1
L'Escadron Suicide BluRay (Theatrical Version);4;1
Supernatural saison 5 DVD1;4;2
Supernatural saison 5 DVD2;4;2
Supernatural saison 5 DVD3;4;2
Supernatural saison 5 DVD4;4;2
Supernatural saison 5 DVD5;4;3
Supernatural saison 5 DVD6;4;3
Supernatural saison 6 DVD1;4;3
Supernatural saison 6 DVD2;4;3
Supernatural saison 6 DVD3;4;4
Supernatural saison 6 DVD4;4;4
Supernatural saison 6 DVD5;4;4
Supernatural saison 6 DVD6;4;4
Supernatural saison 7 DVD1;4;5
Supernatural saison 7 DVD2;4;5
Supernatural saison 7 DVD3;4;5
Supernatural saison 7 DVD4;4;5
Supernatural saison 7 DVD5;4;6
Supernatural saison 7 DVD6;4;6
Supernatural saison 8 DVD1;4;6
Supernatural saison 8 DVD2;4;6
Supernatural saison 8 DVD3;4;7
Supernatural saison 8 DVD4;4;7
Supernatural saison 8 DVD5;4;7
Supernatural saison 8 DVD6;4;7
Supernatural saison 9 DVD1;4;8
Supernatural saison 9 DVD2;4;8
Supernatural saison 9 DVD3;4;8
Supernatural saison 9 DVD4;4;8
Supernatural saison 9 DVD5;4;9
Supernatural saison 9 DVD6;4;9
Supernatural saison 10 DVD1;4;9
Supernatural saison 10 DVD2;4;9
Supernatural saison 10 DVD3;4;0
Supernatural saison 10 DVD4;4;0
Supernatural saison 10 DVD5;4;0
Supernatural saison 10 DVD6;4;0
Supernatural saison 11 DVD1;4;1
Supernatural saison 11 DVD2;4;1
Supernatural saison 11 DVD3;4;1
Supernatural saison 11 DVD4;4;1
Supernatural saison 11 DVD5;4;2
Supernatural saison 11 DVD6;4;2
Super Noël 2;4;2
Super Noël 3;4;2
Taken;4;3
Taken 2;4;3
Taken 3;4;3
Terminator Genisys;4;3
Thor Ragnarok DVD;4;4
Thor Ragnarok BluRay;4;4
Trolls En Boîte;4;4
Tron DVD;4;4
Tron BluRay;4;5
Venom DVD;4;5
Venom BluRay;4;5
Wolverine DVD (Digital Copy);4;5
Wolverine BluRay;4;6
Wolverine BluRay Extended Cut;4;6
Wolverine BluRay 3D;4;6
Wonder Woman DVD;4;6
Wonder Woman BluRay;4;7
X-Men : Days Of Future Past;4;7
Zootopia DVD;4;7
Zootopia BluRay;4;7
Time Out;4;8
Dumb And Dumber;4;8
Yes Man;4;8
The Majestic;4;8
Le Prince D'Égypte;4;9
Small Soldiers;4;9
La Guerre Des Boutons;4;9
La Guerre Des Boutons 2;4;9
Big Fish;4;0
L'Île De Nim;4;0
Prehistoric Park Disque 1;4;0
Prehistoric Park Disque 2;4;0
Joueur Du Grenier Saison 1 DVD1;5;1
Joueur Du Grenier Saison 1 DVD2;5;1
Joueur Du Grenier Saison 1 DVD3;5;2
Joueur Du Grenier Saison 2 DVD1;5;2
Joueur Du Grenier Saison 2 DVD2;5;3
Joueur Du Grenier Saison 2 DVD3;5;3
Joueur Du Grenier Saison 3 DVD1;5;4
Joueur Du Grenier Saison 3 DVD2;5;4
Joueur Du Grenier Saison 3 DVD3;5;5
Joueur Du Grenier Saison 4 DVD1;5;5
Joueur Du Grenier Saison 4 DVD2;5;6
Joueur Du Grenier Saison 4 DVD3;5;6
Pilates DVD4;5;1
Pilates DVD3;5;1
Pilates DVD2;5;2
Pilates DVD1;5;2
Absolument Yoga DVD4;5;3
Absolument Yoga DVD3;5;3
Absolument Yoga DVD2;5;4
Absolument Yoga DVD1;5;4
