title,book,page
Alien,1,1
The Alien Legacy,1,1
Aliens,1,1
Alien 3,1,1
Alien Resurrection,1,2
Predator,1,2
Alien VS Predator,1,2
Aliens VS Predator Requiem,1,2
Jurassic Park,1,3
Jurassic Park The Lost World,1,3
Jurassic Park 3,1,3
Godzilla,1,3
Starship Troopers,1,4
Starship Troopers 3,1,4
Le Seigneur Des Anneaux : La Communauté De L’Anneau,1,4
Le Seigneur Des Anneaux : La Communauté De L’Anneau DVD Bonus,1,4
Le Seigneur Des Anneaux : Les Deux Tours,1,5
Le Seigneur Des Anneaux : Les Deux Tours DVD Bonus,1,5
Le Seigneur Des Anneaux : Le Retour Du Roi,1,5
Le Seigneur Des Anneaux : Le Retour Du Roi DVD Bonus,1,5
Armageddon,1,6
Pitch Black,1,6
Les Chroniques De Riddick,1,6
Les Chroniques De Riddick : Dark Fury,1,6
Battlefield Earth,1,7
Planète Rouge,1,7
Mad Max,1,7
Mad Max 2 : The Road Warrior,1,7
Mad Max : Beyond Thunderdome,1,8
X-Men,1,8
X-Men 2,1,8
X-Men DVD Bonus,1,8
X-Men 2 DVD Bonus,1,9
X-Men : L’Affrontement,1,9
X-Men : Le Commencement,1,9
X-Men Origins : Wolverine,1,9
Wild Wild West,1,10
Spider-Man,1,10
Mystery Men,1,10
Watchmen,1,10
Elektra,1,11
Daredevil,1,11
Iron Man,1,11
Iron Man 2,1,11
Men In Black,1,12
Men In Black 2,1,12
Men In Black 3,1,12
Captain America,1,12
La Momie,1,13
Le Retour De La Momie,1,13
La Momie : La Tombe De L’Empereur Dragon,1,13
Le Roi Scorpion,1,13
Gladiator,1,14
La Ligne Verte,1,14
Jonah Hex,1,14
Solomon Kane,1,14
Seven,1,15
Lettres À Un Tueur,1,15
Star Trek,1,15
Land Of The Dead,1,15
Destination Finale 4,1,16
Scary Movie,1,16
Scream,1,16
Equilibrium,1,16
Hellboy,1,17
Hellboy : Les Légions D'Or Maudites,1,17
Fantômes Contre Fantômes,1,17
L’Avocat Des Damnés,1,17
Le Projet Blair Witch,1,18
Le Nombre 23,1,18
Gabriel,1,18
The Darkest Hour,1,18
Die Hard : Piège De Cristal,1,19
Die Hard 2 : 58 Minutes Pour Vivre,1,19
Die Hard 3 : Une Journée En Enfer,1,19
Die Hard 4 : Retour En Enfer,1,19
L’Arme Fatale,1,20
L’Arme Fatale 2,1,20
L’Arme Fatale 3,1,20
Alarme Fatale,1,20
Numéro 9,1,21
Stargate : L’Arche De Vérité,1,21
Inception,1,21
The Postman,1,21
Matrix,1,22
Matrix Reloaded,1,22
Matrix Reloaded DVD Bonus,1,22
Matrix Revolution,1,22
Matrix Revolution DVD Bonus,1,23
Blade Runner,1,23
Minority Report,1,23
Minority Report DVD Bonus,1,23
Nikita,1,24
Léon,1,24
Ordinary Decent Criminal,1,24
Contact,1,24
Catch Me If You Can,1,25
Catch Me If You Can DVD Bonus,1,25
Le Fabuleux Destin D’Amélie Poulain,1,25
Le Fabuleux Destin D’Amélie Poulain DVD Bonus,1,25
What Dreams May Come,1,26
Les Aventures Extraordinaires D’Adèle Blanc-Sec,1,26
Eternal Sunshine,1,26
Eternal Sunshine DVD Bonus,1,26
Dirty Dancing,1,27
Un Jour Sans Fin,1,27
Ace Ventura When Nature Calls,1,27
Braqueurs Amateurs,1,27
Liar Liar,1,28
Bruce Tout Puissant,1,28
Evan Tout Puissant,1,28
Fous D’Irène,1,28
28 Days,1,29
Le Journal De Bridget Jones,1,29
Mary À Tout Prix,1,29
Mary À Tout Prix DVD Bonus,1,29
Dogma,1,30
Forever Young,1,30
The Last Day,1,30
Cloverfield,1,30
Cast Away,1,31
Cast Away DVD Bonus,1,31
Paycheck,1,31
Dune,1,31
Inglorious Bastards,1,32
L’Effet Papillon,1,32
L’Effet Papillon 2,1,32
L’Effet Papillon 3,1,32
Night Watch,1,33
Day Watch,1,33
The Fly,1,33
The Fly 2,1,33
Crazy Kung-Fu,1,34
Dany Boon : Trop Stylé,1,34
Ocean’s Twelve,1,34
Un Gars, Une Fille : Best Of,1,34
Bigard : 100% tout neuf,1,35
Bigard Met Le Paquet,1,35
Caméra Café,1,35
Coluche DVD1,1,35
Coluche DVD2,1,36
Coluche 1 Faux DVD1,1,36
Coluche 1 Faux DVD2,1,36
Ze Inconnus Story Vol1,1,36
Ze Inconnus Story Vol2,1,37
Ze Inconnus Story Vol3,1,37
Ze Inconnus Story la suite Vol4,1,37
De Caunes et Garcia 2 DVD1,1,37
De Caunes et Garcia 2 DVD2,1,38
Harry Potter : À L’École Des Sorciers,1,38
Harry Potter : À L’École Des Sorciers DVD Bonus,1,38
Harry Potter Et La Chambre Des Secrets,1,38
Harry Potter Et Le Prisonnier D’Azkaban,1,39
Harry Potter Et La Coupe De Feu,1,39
Harry Potter Et La Coupe De Feu DVD Bonus,1,39
Harry Potter Et L’Ordre Du Phœnix,1,39
Harry Potter Et Le Prince De Sang Mêlé,1,40
Harry Potter Et Le Prince De Sang Mêlé DVD Bonus,1,40
Harry Potter Et Les Reliques De La Mort 1,1,40
Harry Potter Et Les Reliques De La Mort 1 DVD Bonus,1,40
Harry Potter Et Les Reliques De La Mort 2,1,41
Harry Potter Et Les Reliques De La Mort 2 DVD Bonus,1,41
Indiana Jones : À La Recherche De L’Arche Perdue,1,41
Indiana Jones Et Le Temple Maudit,1,41
Indiana Jones Et La Dernière Croisade,1,42
Indiana Jones DVD Bonus,1,42
Indiana Jones Et Le Crâne De Cristal,1,42
Indiana Jones Et Le Crâne De Cristal DVD Bonus,1,42
Sanctuary saison 1 DVD1,1,43
Sanctuary saison 1 DVD2,1,43
Sanctuary saison 1 DVD3,1,43
Sanctuary saison 1 DVD4,1,43
Resident Evil,1,44
Resident Evil Apocalypse,1,44
Resident Evil Extinction,1,44
Resident Evil After Life,1,44
Dragon Heart,1,45
Phenomenes,1,45
Donjons & Dragons : La Puissance Suprême,1,45
Benjamin Button,1,45
Humanity’s End,1,46
Evolution,1,46
Capitaine Flam DVD1,1,46
Capitaine Flam DVD2,1,46
Capitaine Flam DVD3,1,47
Capitaine Flam DVD4,1,47
Capitaine Flam DVD5,1,47
Capitaine Flam DVD6,1,47
Capitaine Flam DVD7,1,48
John Carter,1,48
Grand Torino,1,48
Twilight,1,48
Twilight 2 Tentation,1,49
Twilight 3 Hésitation,1,49
Twilight 4 Révélation,1,49
Twilight 5 Révélation,1,49
Le Caméléon saison 1 DVD1,1,50
Le Caméléon saison 1 DVD2,1,50
Le Caméléon saison 1 DVD3,1,50
Le Caméléon saison 1 DVD4,1,50
Le Caméléon saison 1 DVD5,1,51
Le Caméléon saison 1 DVD6,1,51
Le Caméléon saison 2 DVD1,1,51
Le Caméléon saison 2 DVD2,1,51
Le Caméléon saison 2 DVD3,1,52
Le Caméléon saison 2 DVD4,1,52
Le Caméléon saison 2 DVD5,1,52
Le Caméléon saison 2 DVD6,1,52
Le Caméléon saison 3 DVD1,1,53
Le Caméléon saison 3 DVD2,1,53
Le Caméléon saison 3 DVD3,1,53
Le Caméléon saison 3 DVD4,1,53
Le Caméléon saison 3 DVD5,1,54
Le Caméléon saison 3 DVD6,1,54
La Planète Des Singes,1,54
La Planète Des Singes : Le Secret,1,54
La Planète Des Singes : La Conquête,1,55
La Planète Des Singes : Les Evadés,1,55
La Planète Des Singes (Tim Burton),1,55
La Planète Des Singes : La Bataille,1,55
La Planète Des Singes : Les Origines,1,56
Source Code,1,56
Final Fantasy VII DVD1,1,56
Final Fantasy VII DVD2,1,56
Ronin,2,1
Mon Nom Est Personne,2,1
Philadelphia,2,1
Nell,2,1
Superman,2,2
Superman 2,2,2
Ce Que Veulent Les Femmes,2,2
Pretty Woman,2,2
Shaolin Soccer,2,3
CJ7,2,3
Cœur de Dragon,2,3
L'Apprenti Sorcier,2,3
Erin Brockovich,2,4
Spy Game,2,4
Maverick,2,4
Intuition,2,4
Benjamin Gates,2,5
L'Amour Extra Large,2,5
XXX,2,5
Le Tour Du Monde En 80 Jours,2,5
Tomb Raider,2,6
Tomb Raider 2,2,6
Lancelot,2,6
Electric Dreams,2,6
Phénomène,2,7
I, Robot,2,7
Ocean's Eleven,2,7
Beautés Empoisonnées,2,7
Le Transporteur,2,8
Le Transporteur 2,2,8
Pulp Fiction,2,8
Poséïdon,2,8
La Mémoire Dans La Peau,2,9
The Truman Show,2,9
K-PAX,2,9
Programmé Pour Tuer,2,9
Les Autres,2,10
D-WAR,2,10
Batman Begins,2,10
Batman : The Dark Knight,2,10
NEXT,2,11
Apparences,2,11
Gothika,2,11
Braquage À L'Italienne,2,11
Les Frères Grimm,2,12
Hulk,2,12
Rencontre Du 3e Type,2,12
Outlander,2,12
Stargate,2,13
Push,2,13
2012,2,13
Clones,2,13
Salt,2,14
Sleepy Hollow,2,14
Kill Bill,2,14
Kill Bill 2,2,14
Incassable,2,15
Hypnose,2,15
Powder,2,15
L'Homme Sans Ombre,2,15
Instinct,2,16
Van Helsing,2,16
Predator,2,16
Predator 2,2,16
Alerte,2,17
La mutante,2,17
Destination Finale 2,2,17
Madhouse,2,17
The Faculty,2,18
Entretien Avec Un Vampire,2,18
Jumper,2,18
Urban Legend,2,18
Le Choc Des Titans,2,19
Space Cowboys,2,19
Transformers 2,2,19
Ghosts Of Mars,2,19
Supernatural saison 1 DVD1,2,20
Supernatural saison 1 DVD2,2,20
Supernatural saison 1 DVD3,2,20
Supernatural saison 1 DVD4,2,20
Supernatural saison 1 DVD5,2,21
Supernatural saison 1 DVD6,2,21
Supernatural saison 2 DVD1,2,21
Supernatural saison 2 DVD2,2,21
Supernatural saison 2 DVD3,2,22
Supernatural saison 2 DVD4,2,22
Supernatural saison 2 DVD5,2,22
Supernatural saison 2 DVD6,2,22
Supernatural saison 3 DVD1,2,23
Supernatural saison 3 DVD2,2,23
Supernatural saison 3 DVD3,2,23
Supernatural saison 3 DVD4,2,23
Supernatural saison 3 DVD5,2,24
Supernatural saison 4 DVD1,2,24
Supernatural saison 4 DVD2,2,24
Supernatural saison 4 DVD3,2,24
Supernatural saison 4 DVD4,2,25
Supernatural saison 4 DVD5,2,25
Supernatural saison 4 DVD6,2,25
Caprica DVD1,2,25
Caprica DVD2,2,26
Caprica DVD3,2,26
Caprica DVD4,2,26
Caprica DVD5,2,26
Battlestar Galactica saison 1 DVD1,2,27
Battlestar Galactica saison 1 DVD2,2,27
Battlestar Galactica saison 1 DVD3,2,27
Battlestar Galactica saison 1 DVD4,2,27
Battlestar Galactica saison 2 DVD1,2,28
Battlestar Galactica saison 2 DVD2,2,28
Battlestar Galactica saison 2 DVD3,2,28
Battlestar Galactica saison 2 DVD4,2,28
Battlestar Galactica saison 2 DVD5,2,29
Battlestar Galactica : Razor,2,29
Battlestar Galactica saison 3 DVD1,2,29
Battlestar Galactica saison 3 DVD2,2,29
Battlestar Galactica saison 3 DVD3,2,30
Battlestar Galactica saison 3 DVD4,2,30
Battlestar Galactica saison 3 DVD5,2,30
Battlestar Galactica : The Plan,2,30
Battlestar Galactica saison 4 DVD1,2,31
Battlestar Galactica saison 4 DVD2,2,31
Battlestar Galactica saison 4 DVD3,2,31
Battlestar Galactica saison 4 DVD4,2,31
Battlestar Galactica saison 4 DVD5,2,32
Battlestar Galactica saison 4 DVD6,2,32
Terminator,2,32
Terminator 2 : Le Jugement Dernier,2,32
Terminator 3 : Le Soulèvement Des Machines,2,33
Terminator 3 : Le Soulèvement Des Machines DVD Bonus,2,33
Terminator : Renaissance,2,33
King Kong,2,33
King Kong DVD Bonus,2,34
Avatar,2,34
Avatar DVD Bonus,2,34
Cœurs Perdus En Atlantide,2,34
Daybreakers,2,35
Dreamcatcher,2,35
Blown Away,2,35
Destination Finale,2,35
Constantine,2,36
The Haunting,2,36
From Hell,2,36
13 Fantômes,2,36
L'Armée Des 12 Singes,2,37
Ghost Rider,2,37
Vol Au-Dessus D'Un Nid De Coucou,2,37
Prince Of Persia : Les Sables Du Temps,2,37
Avengers DVD,2,38
Avengers BluRay,2,38
Avengers BluRay Bonus,2,38
Transformers,2,38
Rien À Déclarer,2,39
Sherlock Holmes,2,39
Sherlock Holmes : Jeu D'Ombres,2,39
Undead,2,39
Fréquence Interdite,2,40
Warlock,2,40
Warlock II : The Armageddon,2,40
Underworld,2,40
Underworld 2 : Evolution,2,41
Underworld 3 : Le Soulèvement Des Lycans,2,41
Fight Club,2,41
Lucky Luke,2,41
Ghostbusters,2,42
Ghostbusters II,2,42
Les 4 Fantastiques,2,42
Les 4 Fantastiques Et Le Surfeur D'Argent,2,42
La Ligue Des Gentlemen Extraordinaires,2,43
Point Break,2,43
Rock,2,43
Négociateur,2,43
Robin Des Bois : Prince Des Voleurs,2,44
Bodyguard,2,44
Ghost,2,44
M.Popper Et Ses Pingouins,2,44
Volcano,2,45
Twister,2,45
Le Jour D'Après,2,45
Peur Bleue,2,45
L'Agence Tous Risques,2,46
Mon Voisin Le Tueur,2,46
Le Règne Du Feu,2,46
Perdus Dans L'Espace,2,46
Hulk,2,47
Hulk DVD Bonus,2,47
Je Suis Une Légende,2,47
Night And Day,2,47
A.I.,2,48
A.I. DVD Bonus,2,48
Thor,2,48
Hancock,2,48
Happy Feet II,2,49
Maman J'Ai Raté L'Avion,2,49
Les Rebelles De La Forêt II,2,49
Garfield,2,49
Garfield II,2,49
Recettes,2,50
La Ferme En Folie,2,50
Donjon Mystère III,2,50
Mickey Et Le Haricot Magique,2,50
Les 3 Mousquetaires,2,50
Le Prince Et Le Pauvre,2,50
Zathura,2,50
Waterworld,2,50
Blanche-Neige Et Les Sept Nains,3,1
Blanche-Neige Et Les Sept Nains DVD Bonus,3,1
Dumbo,3,1
Bambi,3,1
Fantasia,3,2
Fantasia 2000,3,2
Cendrillon,3,2
Alice Au Pays Des Merveilles,3,2
La Belle Et Le Clochard,3,3
La Belle Et Le Clochard 2 + Le Petit Dinosaure 8,3,3
La Belle Au Bois Dormant,3,3
La Belle Au Bois Dormant DVD Bonus,3,3
Les 101 Dalmatiens,3,4
Le Livre De La Jungle,3,4
Robin Des Bois,3,4
Les Aventures De Bernard Et Bianca,3,4
Bernard Et Bianca Au Pays Des Kangourou,3,5
Peter Et Elliott Le Dragon,3,5
Rox Et Rouky,3,5
Rox Et Rouky 2 + Bee Movie,3,5
Taram Et Le Chaudron Magique,3,6
Basil Détective Privé,3,6
La Petite Sirène,3,6
La Belle Et La Bête,3,6
Aladdin,3,7
Aladdin DVD Bonus,3,7
Aladdin 2,3,7
Aladdin 3,3,7
Le Roi Lion,3,7
Le Roi Lion DVD Bonus,3,8
Le Roi Lion 2 : L'Honneur De La Tribu,3,8
Le Roi Lion 3 : Hakuna Matata,3,8
Le Roi Lion 3 : Hakuna Matata DVD Bonus,3,8
Pocahontas,3,9
Le Bossu De Notre-Dame,3,9
Hercule,3,9
Mulan,3,9
T'Choupi,3,10
Mulan 2,3,10
1001 Pattes,3,10
Dinosaure,3,10
Kuzco,3,10
La Ferme Se Rebelle,3,11
Kuzco 2,3,11
Atlantide : L'Empire Perdu,3,11
Monstres & Cie,3,11
Lilo & Stitch,3,11
Lilo & Stitch 2 : Hawaï, Nous Avons Un Problème !,3,12
Stitch ! Le Film,3,12
Leroy & Stitch,3,12
Peter Pan,3,12
Peter Pan 2 : Retour Au Pays Imaginaire,3,13
La Planète Au Trésor,3,13
Le Monde De Nemo,3,13
Le Monde De Nemo DVD Bonus,3,13
Tarzan,3,14
Tarzan 2,3,14
Cars,3,14
Mickey : Il Était 2 Fois Noël,3,14
Frère Des Ours,3,14
Frère Des Ours 2,3,15
Ratatouille,3,15
Bienvenue Chez Les Robinsons,3,15
Wall-E,3,15
Wall-E DVD Bonus,3,16
Volt,3,16
Là-Haut,3,16
La Princesse Et La Grenouille,3,16
Toy Story,3,17
Toy Story 2,3,17
Toy Story 3,3,17
Les Indestructibles,3,17
Les Indestructibles DVD Bonus,3,18
Raiponce,3,18
Les Mondes De Ralph,3,18
Les Mondes De Ralph DVD Bonus,3,18
Croc-Blanc,3,19
L'Étrange Noël De Monsieur Jack,3,19
L'Étrange Noël De Monsieur Jack DVD Bonus,3,19
Flubber,3,19
Super Noël,3,20
Le Monde De Narnia : Le Lion, La Sorcière Blanche Et L'Armoire Monde,3,20
Le Monde De Narnia : Le Prince Caspian,3,20
Le Monde De Narnia : L'Odyssée Du Passeur D'Aurore,3,20
Princesse Mononoké,3,21
Nausicaa De La Vallée Du Vent,3,21
Mon Voisin Totoro,3,21
Arrietty : Le Petit Monde Des Chapardeurs,3,21
L'Aventure Intérieure,3,22
Charlie Et La Chocolaterie,3,22
Excalibur, L'Épée Magique,3,22
Le Géant De Fer,3,22
Gremlins,3,23
Gremlins 2 : La Nouvelle Génération,3,23
L'Histoire Sans Fin,3,23
L'Incroyable Histoire De Winter Le Dauphin,3,23
Le Royaume De Ga'Hoole,3,24
Sauvez Willy,3,24
Sauvez Willy 2,3,24
Sauvez Willy 3 : La Poursuite,3,24
Sauvez Willy 3 : La Poursuite DVD Bonus,3,25
Space Jam,3,25
Voyage Au Centre De La Terre,3,25
Voyage Au Centre De La Terre 2,3,25
Mission-G,3,26
L'Age De Glace,3,26
L'Age De Glace 2,3,26
L'Age De Glace 2 DVD Bonus,3,26
L'Age De Glace 3 : Le Temps Des Dinosaures,3,27
L'Age De Glace 4 : La Dérive Des Continents DVD,3,27
L'Age De Glace 4 : La Dérive Des Continents BluRay,3,27
L'Age De Glace 4 : La Dérive Des Continents BluRay 3D,3,27
Anastasia,3,28
Bartok Le Magnifique,3,28
Horton,3,28
Marmaduke,3,28
La Nuit Au Musée,3,29
La Nuit Au Musée 2,3,29
Percy Jackson : Le Voleur De Foudre,3,29
Rio,3,29
Robots,3,30
Titan A.E.,3,30
Les Voyages De Gulliver,3,30
L'Odyssée De Pi,3,30
Beethoven,3,31
Jumanji,3,31
Igor,3,31
Planète 51,3,31
Le Grinch,3,32
Astro Boy,3,32
Le Monde Fabuleux De Gaya,3,32
Donjon Mystère,3,32
Pokémon 1,3,33
Pokémon 2,3,33
Pokémon 3,3,33
Pokémon : Lucario Et Le Mystère De Mew,3,33
Pokémon Ranger Et Le Temple Des Mers,3,33
Pokémon : L'Ascension De Darkrai,3,34
Pokémon : Giratina Et Le Gardien Du Ciel,3,34
Pokémon : Arceus Et Le Joyau De Vie,3,34
Pokémon : Zoroark, Le Maître Des Illusions,3,34
Balto,3,35
Cendrillon 2,3,35
Balto 2,3,35
Balto : Les Ailes Du Changement,3,35
Casper,3,35
La Légende De Despereaux,3,36
Dinotopia : À La Recherche De La Pierre Sainte,3,36
E.T. L'Extraterrestre,3,36
Moi, Moche Et Méchant,3,36
Blanche Neige,3,37
Le Petit Vampire,3,37
Pinochhio,3,37
Rent A Kid,3,37
Astérix Et Obélix Contre César,3,37
Astérix Et Obélix : Mission Cléopâtre,3,38
Astérix Aux Jeux Olympiques,3,38
Astérix Et Obélix : Au Service De Sa Majesté,3,38
Sur La Piste Du Marsupilami,3,38
The Mask,3,39
Les Pirates ! : Bons À Rien, Mauvais En Tout,3,39
Tempête De Boulettes Géantes,3,39
Les Aventures De Tinitin : Le Secret De La Licorne,3,39
Chasseurs De Dragons,3,40
L'Ours Montagne,3,40
Gnomeo Et Juliette,3,40
Qui Veut La Peau De Roger Rabbit,3,40
Corto Maltese : La Cour Secrète Des Arcanes,3,41
Corto Maltese : La Cour Secrète Des Arcanes DVD Bonus,3,41
Nanny Mc Phee,3,41
Nanny Mc Phee Et Le Big Bang,3,41
Le Voyage Extraordinaire De Samy,3,42
Arthur Et Les Minimoys,3,42
Arthur Et La Vengeance De Malthazar,3,42
Arthur 3 : La Guerre Des Deux Mondes,3,42
Un Monstre À Paris,3,43
Le Dernier Maître De L'Air,3,43
Le Petit Monde De Charlotte,3,43
Rango,3,43
Monstres VS Aliens,3,44
Les Cinq Légendes DVD,3,44
Les Cinq Légendes BluRay 3D,3,44
Les Cinq Légendes BluRay,3,44
Dragons,3,45
La Route De L'El Dorado,3,45
Madagascar,3,45
Madagascar 2,3,45
Madagascar 3 : Bons Baisers D'Europe,3,46
Megamind,3,46
Kung Fu Panda,3,46
Kung Fu Panda DVD Bonus,3,46
Kung Fu Panda 2,3,47
Les Secrets Des Cinq Cyclones,3,47
Les Orphelins De Baudelaire,3,47
Shrek,3,47
Shrek 2,3,48
Shrek 3,3,48
Shrek : Il Était Une Fin,3,48
Sinbad : La Légende Des Sept Mers,3,48
Les Chroniques De Spiderwick,3,49
Spirit : L'Étalon Des Plaines,3,49
Retour Vers Le Futur,3,49
Retour Vers Le Futur 2,3,49
Retour Vers Le Futur 3,3,50
Retour Vers Le Futur 3 DVD Bonus,3,50
Astérix Et Cléopatre,3,50
Picsou Et La Lampe Perdue,3,50
Astérix : Le Coup Du Menhir,3,50
Astérix Chez Les Bretons,3,50
Les Douzes Travaux D'Astérix,3,51
Astérix Le Gaulois,3,51
Astérix : La Surprise De César,3,51
Astérix Et Les Indiens,3,51
Nos Voisins Les Hommes,3,51
Mary Poppins,3,51
Le Petit Dinosaure I,3,52
Gloups : Je Suis Un Poisson,3,52
Le Petit Dinosaure IV : Voyage Au Pays Des Brumes,3,52
Les Rebelles De La Forêt,3,52
Chicken Little,3,52
Youbi Le Petit Pingouin,3,52
Le Roman De Renart,3,52
Le Noël Des 9 Chiens,3,52
Vaillant,3,53
Souris City,3,53
Chicken Run,3,53
Fievel Et Le Trésor Perdu,3,53
La Famille Delajungle,3,53
Niko Le Petit Renne,3,53
Merlin L'Enchanteur,3,53
Le Vilain Petit Canard Et Moi,3,54
Les Chimpanzés De L'Espace,3,54
Azur Et Asmar,3,54
La Forêt Contre Attaque,3,54
Allo Maman Ici Bébé,3,55
Allo Maman C'Est Encore Moi,3,55
Sky High,3,55
Stuart Little 2,3,55
L'Enfant Qui Voulait Être Un Ours,3,55
Pirates Des Caraïbes : La Malédiction Du Black Pearl,3,56
Pirates Des Caraïbes : Le Secret Du Coffret Maudit,3,56
Pirates Des Caraïbes : Jusqu'Au Bout Du Monde,3,56
Pirates Des Caraïbes : La Fontaine De Jouvence,3,56
Ace Ventura : Détective Animalier,4,1
Alexandre Et Sa Journée Épouvantablement Terrible Et Affreuse,4,1
Alien Covenant DVD,4,1
Alien Covenant BluRay,4,1
Les Animaux Fantastiques Et Où Les Trouver DVD,4,2
Les Animaux Fantastiques Et Où Les Trouver BluRay,4,2
Les Animaux Fantastiques : Les Crimes De Grindelwald DVD,4,2
Les Animaux Fantastiques : Les Crimes De Grindelwald BluRay,4,2
Ant-Man,4,3
Ant-Man Et La Guêpe,4,3
L'Apprenti Sorcier BluRay,4,3
L'Apprenti Sorcier DVD,4,3
After Earth,4,4
Aquaman DVD,4,4
Aquaman BluRay,4,4
L'Ascencion Du Chevalier Noir,4,4
Apollo 13,4,5
Avengers : L'Ère D'Ultron,4,5
Avengers : La Guerre D'Infini,4,5
Avengers : Phase Finale,4,5
Avengers : Phase Finale BluRay Bonus,4,6
Beetlejuice,4,6
Blanche-Neige Et Le Chasseur,4,6
Le Chasseur : La Guerre Hivernale DVD,4,6
Le Chasseur : La Guerre Hivernale DVD Bonus,4,7
Le Chasseur : La Guerre Hivernale BluRay,4,7
Blade Runner 2049 DVD,4,7
Blade Runner 2049 BluRay,4,7
Capitaine America : Le Soldat De L'Hiver,4,8
Capitaine America : Civil War,4,8
Ça (ancienne version),4,8
Ça (nouvelle version) DVD,4,8
Ça (nouvelle version) BluRay,4,9
La Conjuration,4,9
La Course Aux Jouets,4,9
Cowboys & Aliens,4,9
Les Croods,4,10
Chair De Poule,4,10
Destination Finale Trilogie,4,10
Docteur Strange DVD,4,10
Docteur Strange BluRay,4,11
Dragons 2 DVD,4,11
Dragons 2 BluRay,4,11
Dragons 2 DVD Bonus,4,11
Dragons : Le Monde Caché DVD,4,12
Dragons : Le Monde Caché BluRay,4,12
Epic,4,12
L'Épreuve : Le Labyrinthe,4,12
L'Épreuve : Terre Brûlée,4,13
L'Épreuve : Le Remède Mortel,4,13
Espions En Herbe,4,13
Espions En Herbe 2 : L'Île Des Rêves Envolés,4,13
Espions En Herbe : Tout Le Temps Du Monde,4,14
L'Exode : Dieux Et Rois,4,14
Frankenweenie DVD,4,14
Frankenweenie BluRay,4,14
Gardiens De La Galaxie,4,15
Gardiens De La Galaxie Volume 2 DVD,4,15
Gardiens De La Galaxie Volume 2 BluRay,4,15
La Grande Muraille DVD,4,15
La Grande Muraille BluRay,4,16
Hansel & Gretel : Chasseurs De Sorcières,4,16
Le Hobbit : Un Voyage Inattendu,4,16
Le Hobbit : La Désolation De Smaug,4,16
Le Hobbit : La Bataille Des Cinq Armées,4,17
Le Hobbit (Les Appendices) Partie 7,4,17
Le Hobbit (Les Appendices) Partie 8,4,17
Le Hobbit (Les Appendices) Partie 9,4,17
Le Hobbit (Les Appendices) Partie 10,4,18
Le Hobbit (Les Appendices) Partie 11,4,18
Le Hobbit (Les Appendices) Partie 12,4,18
L'Homme Bicentenaire,4,18
Hop DVD,4,19
Hop BluRay,4,19
Hôtel Transylvanie,4,19
Hunger Games,4,19
Hunger Games : L'Embrasement,4,20
Hunger Games : La Révolte Partie 1 DVD,4,20
Hunger Games : La Révolte Partie 1 Blu Ray,4,20
Hunger Games : La Révolte Partie 2 DVD,4,20
Hunger Games : La Révolte Partie 2 BluRay,4,21
Les Indestructibles 2 DVD,4,21
Les Indestructibles 2 BluRay,4,21
Les Indestructibles 2 BluRay Bonus,4,21
L'Indien Dans Le Placard,4,22
Iron Man 3 DVD,4,22
Iron Man 3 BluRay,4,22
Interstellaire,4,22
Jumanji : Bienvenue Dans La Jungle,4,23
Jurassic World DVD,4,23
Jurassic World BluRay,4,23
Jurassic World : Le Royaume Déchu DVD,4,23
Jurassic World : Le Royaume Déchu BluRay,4,24
La Légende De Manolo DVD,4,24
La Légende De Manolo BluRay,4,24
Limitless,4,24
Logan DVD,4,25
Logan BluRay,4,25
Logan BluRay Noir Et Blanc,4,25
Le Lorax DVD,4,25
Le Lorax BluRay,4,26
Le Lorax BluRay 3D,4,26
Louis Cyr : L'Homme Le Plus Fort Du Monde,4,26
Lucy,4,26
Le Maître De La Scène DVD,4,27
Le Maître De La Scène BluRay,4,27
Maléfique DVD,4,27
Maléfique BluRay,4,27
Million Dollar Baby,4,28
Million Dollar Baby DVD Bonus,4,28
Mission Noël,4,28
Moi Moche Et Méchant 3,4,28
M. Peabody Et Sherman DVD,4,29
M. Peabody Et Sherman BluRay,4,29
Mme Doubtfire Disque 1,4,29
Mme Doubtfire Disque 2,4,29
Les Nouveaux Héros DVD,4,30
Les Nouveaux Héros BluRay,4,30
Une Nuit Au Musée : Le Secret Du Tombeau DVD,4,30
Une Nuit Au Musée : Le Secret Du Tombeau BluRay,4,30
Oblivion,4,31
Pacific Rim DVD,4,31
Pacific Rim BluRay,4,31
Pacific Rim BluRay Bonus,4,31
The Pacific,4,32
La Panthère Noire,4,32
Paranorman,4,32
Le Passeur,4,32
Percy Jackson : La Mer Des Monstres DVD (Digital Copy),4,33
Percy Jackson : La Mer Des Monstres BluRay,4,33
Pirates Des Caraïbes : Les Morts Ne Racontent Pas D'Histoires DVD,4,33
Pirates Des Caraïbes : Les Morts Ne Racontent Pas D'Histoires BluRay,4,33
Pixels,4,34
L'Aube De La Planète Des Singes,4,34
Les Profs,4,34
Prometheus DVD (Digital Copy),4,34
Prometheus BluRay,4,35
Un Coin Tranquille DVD,4,35
Un Coin Tranquille BluRay,4,35
Rebelle DVD,4,35
Rebelle BluRay,4,36
Rebelle BluRay Bonus,4,36
La Reine Des Neiges DVD,4,36
La Reine Des Neiges BluRay,4,36
Resident Evil : Le Châtiment,4,37
Riddick,4,37
RTL : La Collection,4,37
Scott Pilgrim VS Le Monde DVD,4,37
Scott Pilgrim VS Le Monde BluRay,4,38
Sens Dessus Dessous DVD,4,38
Sens Dessus Dessous BluRay,4,38
Sens Dessus Dessous BluRay 3D,4,38
Sens Dessus Dessous BluRay Bonus,4,39
Les Schtroumpfs,4,39
Les Schtroumpfs 2,4,39
Snowpiercer,4,39
Spider-Man Homecoming DVD,4,40
Spider-Man Homecoming BluRay,4,40
Split,4,40
LEGO Star Wars : La Menace Des Padawan DVD,4,40
LEGO Star Wars : La Menace Des Padawan BluRay,4,41
L'Escadron Suicide DVD,4,41
L'Escadron Suicide BluRay (Extended Cut),4,41
L'Escadron Suicide BluRay (Theatrical Version),4,41
Supernatural saison 5 DVD1,4,42
Supernatural saison 5 DVD2,4,42
Supernatural saison 5 DVD3,4,42
Supernatural saison 5 DVD4,4,42
Supernatural saison 5 DVD5,4,43
Supernatural saison 5 DVD6,4,43
Supernatural saison 6 DVD1,4,43
Supernatural saison 6 DVD2,4,43
Supernatural saison 6 DVD3,4,44
Supernatural saison 6 DVD4,4,44
Supernatural saison 6 DVD5,4,44
Supernatural saison 6 DVD6,4,44
Supernatural saison 7 DVD1,4,45
Supernatural saison 7 DVD2,4,45
Supernatural saison 7 DVD3,4,45
Supernatural saison 7 DVD4,4,45
Supernatural saison 7 DVD5,4,46
Supernatural saison 7 DVD6,4,46
Supernatural saison 8 DVD1,4,46
Supernatural saison 8 DVD2,4,46
Supernatural saison 8 DVD3,4,47
Supernatural saison 8 DVD4,4,47
Supernatural saison 8 DVD5,4,47
Supernatural saison 8 DVD6,4,47
Supernatural saison 9 DVD1,4,48
Supernatural saison 9 DVD2,4,48
Supernatural saison 9 DVD3,4,48
Supernatural saison 9 DVD4,4,48
Supernatural saison 9 DVD5,4,49
Supernatural saison 9 DVD6,4,49
Supernatural saison 10 DVD1,4,49
Supernatural saison 10 DVD2,4,49
Supernatural saison 10 DVD3,4,50
Supernatural saison 10 DVD4,4,50
Supernatural saison 10 DVD5,4,50
Supernatural saison 10 DVD6,4,50
Supernatural saison 11 DVD1,4,51
Supernatural saison 11 DVD2,4,51
Supernatural saison 11 DVD3,4,51
Supernatural saison 11 DVD4,4,51
Supernatural saison 11 DVD5,4,52
Supernatural saison 11 DVD6,4,52
Super Noël 2,4,52
Super Noël 3,4,52
Taken,4,53
Taken 2,4,53
Taken 3,4,53
Terminator Genisys,4,53
Thor Ragnarok DVD,4,54
Thor Ragnarok BluRay,4,54
Trolls En Boîte,4,54
Tron DVD,4,54
Tron BluRay,4,55
Venom DVD,4,55
Venom BluRay,4,55
Wolverine DVD (Digital Copy),4,55
Wolverine BluRay,4,56
Wolverine BluRay Extended Cut,4,56
Wolverine BluRay 3D,4,56
Wonder Woman DVD,4,56
Wonder Woman BluRay,4,57
X-Men : Days Of Future Past,4,57
Zootopia DVD,4,57
Zootopia BluRay,4,57
Time Out,4,58
Dumb And Dumber,4,58
Yes Man,4,58
The Majestic,4,58
Le Prince D'Égypte,4,59
Small Soldiers,4,59
La Guerre Des Boutons,4,59
La Guerre Des Boutons 2,4,59
Big Fish,4,60
L'Île De Nim,4,60
Prehistoric Park Disque 1,4,60
Prehistoric Park Disque 2,4,60
,4,61
,4,61
,4,61
,4,61
,4,62
,4,62
,4,62
,4,62
,4,63
,4,63
,4,63
,4,63
,4,64
,4,64
,4,64
,4,64
,4,65
,4,65
,4,65
,4,65
,4,
,4,
,4,
,4,
,4,
,4,
,4,
,4,
,4,
,4,
,4,
,4,
,4,
,4,
,4,
,4,
,4,
,4,
,4,
,4,
,4,
,4,
,4,
,4,
,4,
,4,
,4,
,4,
,4,
,4,
,4,
,4,
,4,
,4,
,4,
,4,
,4,
,4,
,4,
,4,
,4,
,4,
,4,
,4,
,4,
,4,
,4,
,4,
,4,
,4,
,4,
,4,
,4,
,4,
,4,
,4,
,4,
,4,
,4,
,4,
,4,
,4,
,4,
,4,
,4,
,4,
,4,
,4,
,4,
,4,
,4,
,4,
,4,
,4,
,4,
,4,
,4,
,4,
,4,
,4,
,4,
,4,
,4,
,4,
,4,
,4,
,4,
,4,
,4,
,4,
,4,
,4,
,4,
,4,
,4,
,4,
,4,
,4,
,4,
,4,
,4,
,4,
,4,
,4,
,4,
,4,
,4,
,4,
,4,
,4,
,4,
,4,
,4,
,4,
,4,
,4,
,4,
,4,
,4,
,4,
,4,
,4,
,4,
,4,
,4,
,4,
,4,
,4,
,4,
,4,
,4,
,4,
,4,
,4,
,4,
,4,
,4,100
,4,100
,4,100
,4,100
Joueur Du Grenier Saison 1 DVD1,5,1
Joueur Du Grenier Saison 1 DVD2,5,1
Joueur Du Grenier Saison 1 DVD3,5,2
Joueur Du Grenier Saison 2 DVD1,5,2
Joueur Du Grenier Saison 2 DVD2,5,3
Joueur Du Grenier Saison 2 DVD3,5,3
Joueur Du Grenier Saison 3 DVD1,5,4
Joueur Du Grenier Saison 3 DVD2,5,4
Joueur Du Grenier Saison 3 DVD3,5,5
Joueur Du Grenier Saison 4 DVD1,5,5
Joueur Du Grenier Saison 4 DVD2,5,6
Joueur Du Grenier Saison 4 DVD3,5,6
,5,7
,5,7
,5,8
,5,8
,5,9
,5,9
,5,10
,5,10
,5,11
,5,11
,5,12
,5,12
,5,13
,5,13
,5,14
,5,14
,5,15
,5,15
,5,16
,5,16
,5,17
,5,17
,5,18
,5,18
,5,19
,5,19
,5,20
,5,20
Pilates DVD4,5,21
Pilates DVD3,5,21
Pilates DVD2,5,22
Pilates DVD1,5,22
Absolument Yoga DVD4,5,23
Absolument Yoga DVD3,5,23
Absolument Yoga DVD2,5,24
Absolument Yoga DVD1,5,24
